sr_no,batsman,innings,runs,balls,highest,average,strike_rate,fours,sixes,50s,100s,no_of_dismissals
16,A Ashish Reddy,23,280,196,36,19,143,16,15,0,0,15
17,A Chandila,2,4,7,4,0,57,0,0,0,0,0
18,A Chopra,6,53,75,24,9,71,7,0,0,0,6
19,A Choudhary,3,25,20,15,5,125,1,1,0,0,5
20,A Dananjaya,1,4,5,4,0,80,0,0,0,0,0
21,A Flintoff,3,62,57,24,31,109,5,2,0,0,2
22,A Hales,6,152,119,48,25,128,13,6,0,0,6
23,A Joseph,1,15,13,15,0,115,2,0,0,0,0
24,A Kumble,15,35,49,8,0,71,3,0,0,0,0
25,A Mishra,54,368,410,31,12,90,30,5,0,0,31
26,A Mithun,6,34,26,11,7,131,4,1,0,0,5
27,A Mukund,2,19,23,19,10,83,1,0,0,0,2
28,A Nehra,17,41,63,22,0,65,3,1,0,0,0
29,A Singh,5,2,10,1,1,20,0,0,0,0,4
30,A Symonds,36,974,781,117,36,125,74,41,6,1,27
31,A Turner,4,4,11,3,1,36,0,0,0,0,3
32,A Uniyal,2,4,7,4,4,57,0,0,0,0,1
33,A Zampa,2,5,8,5,3,63,1,0,0,0,2
34,AA Bilakhia,7,69,88,22,14,78,5,0,0,0,5
35,AA Chavan,3,12,11,7,0,109,2,0,0,0,0
36,AA Jhunjhunwala,15,217,218,53,17,100,19,5,1,0,13
37,AA Noffke,1,9,12,9,9,75,1,0,0,0,1
38,AB Agarkar,18,179,160,39,18,112,13,5,0,0,10
39,AB Barath,3,42,43,33,21,98,5,1,0,0,2
40,AB de Villiers,142,4428,2977,133,40,149,357,214,37,3,110
41,AB Dinda,16,26,50,7,3,52,2,0,0,0,10
42,AB McDonald,9,123,103,33,25,119,9,4,0,0,5
43,Abdur Razzak,1,0,2,0,0,0,0,0,0,0,0
44,AC Blizzard,7,120,91,51,17,132,21,2,1,0,7
45,AC Gilchrist,80,2069,1555,109,27,133,239,92,13,2,76
46,AC Thomas,4,20,19,12,10,105,1,1,0,0,2
47,AC Voges,7,181,143,45,45,127,15,3,0,0,4
48,AD Mascarenhas,11,79,79,27,9,100,5,1,0,0,9
49,AD Mathews,41,724,599,65,23,121,44,29,1,0,31
50,AD Nath,10,91,99,24,9,92,7,2,0,0,10
51,AD Russell,52,1445,803,89,34,180,98,119,11,0,42
52,AF Milne,3,7,12,5,4,58,0,0,0,0,2
53,AG Murtaza,3,10,14,5,10,71,1,0,0,0,1
54,AG Paunikar,5,49,61,20,10,80,9,0,0,0,5
55,AJ Finch,73,1744,1372,88,26,127,176,67,13,0,67
56,AJ Tye,12,94,72,25,12,131,7,4,0,0,8
57,AL Menaria,23,401,367,40,19,109,24,18,0,0,21
58,AM Nayar,50,672,588,45,18,114,55,20,0,0,38
59,AM Rahane,132,3850,3215,108,33,120,405,74,29,2,116
60,AN Ahmed,6,36,27,18,36,133,4,1,0,0,1
61,AN Ghosh,2,7,8,7,4,88,1,0,0,0,2
62,Anirudh Singh,4,63,69,40,16,91,6,1,0,0,4
63,Ankit Sharma,16,164,114,47,16,144,11,9,0,0,10
64,Ankit Soni,3,7,9,7,4,78,1,1,0,0,2
65,Anureet Singh,8,37,47,15,9,79,2,1,0,0,4
66,AP Dole,2,34,23,30,17,148,3,1,0,0,2
67,AP Majumdar,4,87,77,31,22,113,7,2,0,0,4
68,AP Tare,27,339,285,59,14,119,40,11,1,0,24
69,AR Bawne,1,12,12,12,0,100,1,0,0,0,0
70,AR Patel,62,806,655,44,19,123,47,35,0,0,42
71,AS Rajpoot,5,18,31,9,5,58,2,0,0,0,4
72,AS Raut,16,194,172,36,22,113,13,7,0,0,9
73,AS Yadav,35,1011,760,76,32,133,113,28,6,0,32
74,AT Rayudu,138,3326,2681,100,29,124,278,120,20,1,115
75,AUK Pathan,7,39,26,14,8,150,5,2,0,0,5
76,Avesh Khan,1,4,3,4,0,133,1,0,0,0,0
77,Azhar Mahmood,21,388,311,80,20,125,39,13,2,0,19
78,B Akhil,11,76,57,27,13,133,5,5,0,0,6
79,B Chipli,21,280,256,61,19,109,28,7,1,0,15
80,B Kumar,41,190,197,24,8,96,18,3,0,0,24
81,B Laughlin,4,5,13,4,3,38,0,0,0,0,2
82,B Lee,19,124,102,25,12,122,8,8,0,0,10
83,B Stanlake,1,5,2,5,0,250,1,0,0,0,0
84,B Sumanth,4,35,38,16,35,92,3,0,0,0,1
85,BA Bhatt,2,6,7,6,0,86,1,1,0,0,0
86,BA Stokes,32,647,493,103,23,131,43,25,2,1,28
87,Basil Thampi,7,32,37,13,32,86,1,1,0,0,1
88,BAW Mendis,3,3,6,2,2,50,0,0,0,0,2
89,BB McCullum,109,2893,2272,158,28,127,293,129,15,2,104
90,BB Samantray,8,125,116,55,25,108,13,2,1,0,5
91,BB Sran,7,11,14,3,11,79,0,0,0,0,1
92,BCJ Cutting,17,240,146,39,22,164,15,19,0,0,11
93,BE Hendricks,2,1,3,1,1,33,0,0,0,0,1
94,Bipul Sharma,17,187,124,35,23,151,11,9,0,0,8
95,BJ Haddin,1,18,11,18,18,164,2,1,0,0,1
96,BJ Hodge,63,1400,1153,73,0,121,122,43,6,0,0
97,BJ Rohrer,8,193,146,64,28,132,21,5,1,0,7
98,BMAJ Mendis,3,23,27,12,8,85,0,0,0,0,3
99,BR Dunk,3,40,36,20,13,111,7,0,0,0,3
100,C de Grandhomme,21,313,229,41,21,137,18,17,0,0,15
101,C Ingram,12,187,157,47,19,119,20,5,0,0,10
102,C Madan,1,15,21,15,15,71,3,0,0,0,1
103,C Munro,11,180,144,42,0,125,19,8,0,0,0
104,C Nanda,1,0,1,0,0,0,0,0,0,0,1
105,CA Ingram,3,21,26,13,11,81,2,0,0,0,2
106,CA Lynn,41,1308,939,93,34,139,128,62,10,0,38
107,CA Pujara,22,390,403,51,21,97,50,4,1,0,19
108,CH Gayle,124,4560,3131,175,42,146,376,327,35,7,109
109,CH Morris,37,520,339,82,27,153,37,27,2,0,19
110,CJ Anderson,29,538,436,95,24,123,40,31,3,0,22
111,CJ Ferguson,8,98,119,23,16,82,9,0,0,0,6
112,CJ Jordan,2,3,5,3,2,60,0,0,0,0,2
113,CJ McKay,1,8,15,8,8,53,0,0,0,0,1
114,CK Kapugedera,3,16,24,8,5,67,0,0,0,0,3
115,CK Langeveldt,2,8,9,8,4,89,1,1,0,0,2
116,CL White,45,971,774,78,27,125,76,38,6,0,36
117,CM Gautam,13,169,158,33,17,107,17,6,0,0,10
118,CR Brathwaite,14,188,120,47,14,157,10,16,0,0,13
119,CR Woakes,11,63,66,18,11,95,5,2,0,0,6
120,CRD Fernando,2,4,3,2,1,133,0,0,0,0,7
121,D du Preez,1,10,13,10,10,77,0,0,0,0,1
122,D Kalyankrishna,1,3,8,3,3,38,0,0,0,0,1
123,D Salunkhe,3,33,24,26,0,138,5,0,0,0,0
124,D Shorey,2,16,20,8,8,80,1,1,0,0,2
125,D Short,7,123,102,45,18,121,11,5,0,0,7
126,D Wiese,8,127,94,47,64,135,12,4,0,0,2
127,DA Miller,77,1875,1376,101,34,136,127,87,11,1,55
128,DA Warner,126,4741,3398,126,43,140,459,181,48,4,109
129,DAJ Bracewell,1,12,9,12,0,133,1,0,0,0,0
130,DB Das,22,304,267,35,22,114,23,16,0,0,14
131,DB Ravi Teja,25,375,325,60,20,115,35,9,1,0,19
132,DE Bollinger,4,21,23,16,21,91,1,1,0,0,1
133,DH Yagnik,17,170,142,34,17,120,23,2,0,0,10
134,DJ Bravo,99,1498,1193,70,23,126,118,60,5,0,64
135,DJ Harris,4,111,103,47,28,108,11,5,0,0,4
136,DJ Hooda,45,535,431,54,15,124,27,24,1,0,35
137,DJ Hussey,61,1322,1101,71,27,120,90,60,5,0,49
138,DJ Jacobs,7,92,101,32,13,91,10,4,0,0,7
139,DJ Muthuswami,1,1,3,1,1,33,0,0,0,0,1
140,DJ Thornely,4,39,54,30,13,72,2,2,0,0,3
141,DJG Sammy,20,295,251,60,20,118,15,18,1,0,15
142,DL Chahar,7,73,46,40,12,159,2,6,0,0,6
143,DL Vettori,16,121,118,29,15,103,11,2,0,0,8
144,DM Bravo,1,6,5,6,0,120,1,0,0,0,0
145,DNT Zoysa,2,11,9,10,11,122,1,0,0,0,1
146,DP Nannes,2,4,13,3,4,31,0,0,0,0,1
147,DP Vijaykumar,1,1,1,1,0,100,0,0,0,0,0
148,DPMD Jayawardene,78,1808,1522,110,28,119,200,40,11,1,64
149,DR Martyn,1,19,26,19,19,73,1,0,0,0,1
150,DR Smith,88,2385,1803,87,28,132,245,117,17,0,84
151,DS Kulkarni,19,101,111,28,11,91,7,2,0,0,9
152,DS Lehmann,2,18,19,17,9,95,3,0,0,0,2
153,DT Christian,34,448,384,39,18,117,22,19,0,0,25
154,DT Patil,2,13,13,9,0,100,1,0,0,0,0
155,DW Steyn,32,166,161,19,8,103,14,3,0,0,22
156,E Lewis,16,464,343,75,29,135,38,26,4,0,16
157,EJG Morgan,45,854,725,66,21,118,72,34,4,0,40
158,ER Dwivedi,2,24,15,19,12,160,2,2,0,0,2
159,F Behardien,3,14,13,9,7,108,2,0,0,0,2
160,F du Plessis,64,1874,1499,96,32,125,164,59,12,0,59
161,FH Edwards,2,4,5,3,4,80,0,0,0,0,1
162,FY Fazal,11,183,179,45,18,102,22,1,0,0,10
163,G Gambhir,151,4223,3524,93,31,120,492,59,36,0,136
164,GB Hogg,4,22,22,13,7,100,1,0,0,0,3
165,GC Smith,29,739,691,91,28,107,94,9,4,0,26
166,GD McGrath,2,4,5,4,4,80,1,0,0,0,1
167,GH Vihari,21,280,323,46,16,87,23,1,0,0,18
168,GJ Bailey,36,663,552,61,25,120,59,19,2,0,27
169,GJ Maxwell,67,1403,902,95,23,156,110,91,6,0,61
170,GR Napier,1,15,16,15,15,94,1,0,0,0,1
171,Gurkeerat Singh,27,446,353,69,19,126,47,11,2,0,24
172,H Brar,1,22,14,22,0,157,2,1,0,0,0
173,H Das,1,2,5,2,2,40,0,0,0,0,1
174,H Gurney,1,1,5,1,0,20,0,0,0,0,0
175,H Klaasen,6,68,58,33,14,117,5,1,0,0,5
176,H Vihari,2,4,8,2,2,50,0,0,0,0,2
177,H Viljoen,3,6,7,5,3,86,0,0,0,0,2
178,Harbhajan Singh,86,834,632,64,49,132,79,42,1,0,17
179,Harmeet Singh,4,18,12,14,0,150,3,0,0,0,0
180,Harpreet Singh,3,20,26,13,10,77,0,0,0,0,2
181,HH Gibbs,36,886,837,69,28,106,83,31,6,0,32
182,HH Pandya,61,1118,736,96,140,152,73,69,3,0,8
183,HM Amla,16,577,418,104,44,138,60,21,5,2,13
184,HV Patel,15,108,74,36,10,146,3,9,0,0,11
185,I Malhotra,1,7,4,7,0,175,1,0,0,0,0
186,I Sharma,18,55,62,10,9,89,4,2,0,0,6
187,I Sodhi,2,10,18,9,5,56,0,0,0,0,2
188,IC Pandey,1,0,2,0,0,0,0,0,0,0,1
189,IK Pathan,82,1150,985,60,22,117,88,38,1,0,53
190,Imran Tahir,7,20,27,5,5,74,3,0,0,0,4
191,Iqbal Abdulla,13,88,86,33,0,102,9,1,0,0,0
192,IR Jaggi,7,76,100,28,15,76,6,0,0,0,5
193,Ishan Kishan,33,711,546,63,22,130,66,34,3,0,33
194,J Archer,11,85,62,28,12,137,6,4,0,0,7
195,J Arunkumar,3,23,24,22,8,96,5,0,0,0,3
196,J Bairstow,10,468,293,115,59,160,50,18,4,1,8
197,J Botha,28,409,364,67,20,112,39,5,1,0,20
198,J Denly,1,0,1,0,0,0,0,0,0,0,1
199,J Searles,2,8,6,6,8,133,1,1,0,0,1
200,J Suchith,6,54,48,34,27,113,4,2,0,0,2
201,J Syed Mohammad,5,29,27,13,15,107,4,0,0,0,2
202,J Theron,4,10,13,7,5,77,1,0,0,0,2
203,J Yadav,2,6,12,5,0,50,0,0,0,0,0
204,JA Morkel,67,975,712,73,24,137,61,55,3,0,40
205,Jaskaran Singh,4,8,11,4,8,73,0,0,0,0,1
206,JC Buttler,45,1431,954,96,36,150,143,61,9,0,40
207,JD Ryder,29,604,466,86,22,130,69,19,4,0,28
208,JD Unadkat,12,55,54,26,9,102,6,1,0,0,6
209,JDP Oram,11,106,110,41,13,96,6,5,0,0,8
210,JDS Neesham,3,42,46,22,14,91,3,1,0,0,3
211,JE Taylor,2,3,4,2,0,75,0,0,0,0,0
212,JEC Franklin,16,327,309,79,30,106,25,9,1,0,11
213,JH Kallis,95,2427,2291,89,29,106,255,44,17,0,85
214,JJ Bumrah,10,37,39,16,9,95,2,1,0,0,4
215,JJ Roy,8,186,139,93,37,134,18,8,1,0,5
216,JJ van der Wath,3,18,17,14,9,106,1,1,0,0,2
217,JM Kemp,2,26,25,22,13,104,1,1,0,0,2
218,JO Holder,5,38,32,16,8,119,4,2,0,0,5
219,Joginder Sharma,5,36,30,16,9,120,1,2,0,0,4
220,JP Duminy,75,2041,1680,78,40,121,126,79,14,0,51
221,JP Faulkner,45,527,406,46,20,130,36,23,0,0,26
222,JR Hopes,19,417,314,71,26,133,49,11,4,0,16
223,K Ahmed,1,0,1,0,0,0,0,0,0,0,1
224,K Goel,16,218,239,38,15,91,17,9,0,0,15
225,K Gowtham,17,148,86,33,12,172,10,10,0,0,12
226,K Paul,5,22,26,8,4,85,1,1,0,0,5
227,K Rabada,7,70,83,44,12,84,5,2,0,0,6
228,K Upadhyay,2,12,9,11,0,133,1,1,0,0,0
229,KA Pollard,132,2784,1964,87,29,142,182,175,14,0,97
230,KAJ Roach,1,10,9,10,10,111,1,0,0,0,1
231,Kamran Akmal,6,128,78,53,26,164,13,8,1,0,5
232,Kamran Khan,1,3,5,3,3,60,0,0,0,0,1
233,Karanveer Singh,4,12,17,5,12,71,1,0,0,0,1
234,KB Arun Karthik,8,51,53,19,10,96,4,1,0,0,5
235,KC Cariappa,5,24,21,12,8,114,2,2,0,0,3
236,KC Sangakkara,68,1687,1424,94,26,118,195,27,10,0,65
237,KD Karthik,162,3688,2890,101,27,128,358,101,18,1,135
238,KH Pandya,46,915,635,86,26,144,87,35,1,0,35
239,KJ Abbott,3,13,8,12,13,163,1,1,0,0,1
240,KK Cooper,12,116,70,32,13,166,9,8,0,0,9
241,KK Nair,63,1470,1160,83,25,127,158,39,10,0,59
242,KL Rahul,58,2013,1465,104,43,137,178,81,17,2,47
243,KM Jadhav,70,1091,879,69,23,124,92,38,4,0,47
244,KMDN Kulasekara,1,5,3,5,0,167,1,0,0,0,0
245,KP Appanna,3,2,4,1,2,50,0,0,0,0,1
246,KP Pietersen,36,1001,758,103,36,132,91,40,5,1,28
247,KS Williamson,41,1319,981,89,39,134,111,44,13,0,34
248,Kuldeep Yadav,8,46,55,16,9,84,4,0,0,0,5
249,KV Sharma,34,317,285,39,15,111,18,14,0,0,21
250,KW Richardson,4,36,39,26,12,92,2,1,0,0,3
251,L Ablish,1,0,2,0,0,0,0,0,0,0,0
252,L Balaji,13,36,50,15,5,72,2,1,0,0,8
253,L Livingstone,4,72,48,44,24,150,6,5,0,0,3
254,L Plunkett,2,1,3,1,1,33,0,0,0,0,1
255,L Ronchi,5,34,37,13,7,92,6,1,0,0,5
256,LA Carseldine,5,81,71,39,20,114,11,0,0,0,4
257,LA Pomersbach,16,302,251,79,27,120,25,13,1,0,11
258,LH Ferguson,1,1,1,1,0,100,0,0,0,0,0
259,LJ Wright,5,106,63,44,21,168,16,3,0,0,5
260,LMP Simmons,29,1079,878,100,40,123,109,44,12,1,27
261,LPC Silva,3,40,27,23,20,148,5,1,0,0,2
262,LR Shukla,33,405,358,48,15,113,33,16,0,0,27
263,LRPL Taylor,54,1017,847,81,25,120,66,46,3,0,40
264,M Ali,14,311,183,68,26,170,21,23,3,0,12
265,M Ashwin,5,4,8,1,1,50,0,0,0,0,3
266,M de Lange,1,1,2,1,1,50,0,0,0,0,1
267,M Kaif,22,259,258,34,14,100,22,6,0,0,18
268,M Kartik,14,113,109,21,16,104,7,1,0,0,7
269,M Klinger,4,73,78,29,18,94,9,0,0,0,4
270,M Lomror,3,28,24,11,14,117,3,0,0,0,2
271,M Manhas,38,514,486,42,22,106,43,10,0,0,23
272,M Markande,7,31,30,8,10,103,3,0,0,0,3
273,M Morkel,20,126,93,23,11,135,11,5,0,0,11
274,M Muralitharan,9,20,30,6,3,67,1,0,0,0,6
275,M Ntini,2,11,19,11,11,58,2,0,0,0,1
276,M Rawat,11,55,70,23,11,79,4,1,0,0,5
277,M Santner,2,35,25,24,35,140,3,3,0,0,1
278,M Ur Rahman,4,12,11,11,6,109,2,0,0,0,2
279,M Vijay,102,2590,2164,127,26,120,243,91,15,2,98
280,M Vohra,45,1016,800,95,24,127,97,39,3,0,43
281,M Wood,1,3,5,3,3,60,0,0,0,0,1
282,MA Agarwal,72,1276,1027,68,18,124,117,52,5,0,69
283,MA Khote,3,24,22,9,12,109,2,1,0,0,2
284,MA Starc,11,96,98,29,14,98,10,0,0,0,7
285,Mandeep Singh,83,1547,1254,77,23,123,161,33,5,0,68
286,Mashrafe Mortaza,1,2,2,2,0,100,0,0,0,0,0
287,MC Henriques,50,969,769,74,29,126,87,27,5,0,34
288,MC Juneja,7,125,134,49,18,93,11,1,0,0,7
289,MD Mishra,17,237,213,41,15,111,24,8,0,0,16
290,MDKJ Perera,2,14,13,14,7,108,3,0,0,0,2
291,MEK Hussey,58,1977,1648,116,39,120,198,52,16,1,51
292,MF Maharoof,14,177,124,39,18,143,12,9,0,0,10
293,MG Johnson,28,168,168,16,13,100,10,7,0,0,13
294,Misbah-ul-Haq,8,117,82,47,17,143,10,6,0,0,7
295,MJ Clarke,6,98,96,41,16,102,12,0,0,0,6
296,MJ Guptill,13,271,197,50,23,138,24,15,1,0,12
297,MJ Lumb,12,278,198,83,23,140,45,6,1,0,12
298,MJ McClenaghan,20,91,73,20,8,125,5,7,0,0,12
299,MK Pandey,119,2872,2425,114,30,118,253,76,16,1,97
300,MK Tiwary,83,1697,1489,75,29,114,156,40,7,0,59
301,ML Hayden,32,1107,839,93,36,132,121,44,8,0,31
302,MM Patel,12,39,41,23,7,95,5,0,0,0,6
303,MM Sharma,25,124,120,21,8,103,9,4,0,0,15
304,MN Samuels,14,161,174,46,12,93,9,7,0,0,13
305,MN van Wyk,5,167,135,74,56,124,19,1,1,0,3
306,Mohammad Ashraful,1,2,12,2,2,17,0,0,0,0,1
307,Mohammad Asif,2,3,6,3,2,50,0,0,0,0,2
308,Mohammad Hafeez,8,64,84,16,9,76,7,2,0,0,7
309,Mohammad Nabi,10,146,95,31,16,154,11,7,0,0,9
310,Mohammed Shami,16,54,54,21,6,100,5,2,0,0,9
311,Mohammed Siraj,6,34,38,15,11,89,2,1,0,0,3
312,MP Stoinis,25,482,373,52,32,129,34,18,1,0,15
313,MR Marsh,14,225,201,38,19,112,9,14,0,0,12
314,MS Bisla,39,798,737,92,21,108,93,23,4,0,38
315,MS Dhoni,170,4477,3318,89,43,135,297,207,23,0,105
316,MS Gony,15,99,76,42,10,130,6,8,0,0,10
317,MS Wade,3,22,33,11,7,67,0,0,0,0,3
318,Mustafizur Rahman,1,1,3,1,1,33,0,0,0,0,1
319,MV Boucher,23,394,318,50,28,124,32,13,1,0,14
320,N Naik,1,8,17,8,8,47,1,0,0,0,1
321,N Pooran,6,177,110,49,30,161,11,14,0,0,6
322,N Rana,41,1104,835,85,29,132,85,60,8,0,38
323,N Saini,12,143,147,50,13,97,16,0,1,0,11
324,ND Doshi,1,0,13,0,0,0,0,0,0,0,1
325,Niraj Patel,6,121,124,57,30,98,14,1,1,0,4
326,NJ Maddinson,3,20,21,12,7,95,4,0,0,0,3
327,NJ Rimmington,1,1,1,1,0,100,0,0,0,0,0
328,NL McCullum,2,26,23,15,26,113,1,1,0,0,1
329,NLTC Perera,30,424,326,40,19,130,23,26,0,0,22
330,NM Coulter-Nile,11,52,53,9,7,98,3,4,0,0,8
331,NS Naik,2,23,33,22,12,70,1,0,0,0,2
332,NV Ojha,94,1555,1360,94,21,114,121,79,6,0,75
333,OA Shah,22,506,405,76,34,125,34,23,4,0,15
334,P Awana,5,5,14,4,3,36,0,0,0,0,2
335,P Chopra,1,8,6,8,8,133,2,0,0,0,1
336,P Dogra,12,127,141,41,0,90,4,5,0,0,0
337,P Krishna,2,1,7,1,1,14,0,0,0,0,1
338,P Kumar,57,340,323,34,9,105,22,17,0,0,38
339,P Negi,35,366,301,36,14,122,27,16,0,0,26
340,P Parameswaran,2,1,3,1,0,33,0,0,0,0,0
341,P R Barman,1,20,25,20,20,80,2,0,0,0,1
342,P Raj,1,0,1,0,0,0,0,0,0,0,0
343,P Sahu,2,19,13,18,0,146,1,1,0,0,0
344,P Shaw,25,616,435,100,25,142,73,19,4,1,25
345,PA Patel,136,2874,2444,81,23,118,366,49,13,0,126
346,PA Reddy,10,164,167,42,16,98,15,2,0,0,10
347,Pankaj Singh,5,7,12,4,4,58,0,0,0,0,2
348,Parvez Rasool,4,17,20,10,9,85,1,0,0,0,2
349,PC Valthaty,23,505,432,120,23,117,61,20,3,1,22
350,PD Collingwood,7,203,159,75,41,128,9,13,3,0,5
351,PJ Cummins,9,77,56,24,13,138,5,4,0,0,6
352,PJ Sangwan,13,25,41,6,4,61,1,0,0,0,7
353,PM Sarvesh Kumar,1,1,2,1,0,50,0,0,0,0,0
354,PP Chawla,75,587,541,24,12,109,54,18,0,0,49
355,PP Ojha,19,16,45,3,0,36,0,0,0,0,0
356,PR Shah,9,92,97,29,12,95,9,2,0,0,8
357,PSP Handscomb,1,6,12,6,6,50,0,0,0,0,1
358,PV Tambe,6,18,39,7,0,46,1,0,0,0,0
359,Q de Kock,50,1489,1136,108,31,131,156,54,11,1,48
360,R Ashwin,50,382,350,47,11,109,32,10,0,0,35
361,R Bhatia,47,342,290,26,11,118,24,13,0,0,30
362,R Bhui,2,8,18,8,4,44,0,0,0,0,2
363,R Bishnoi,3,19,17,18,6,112,1,2,0,0,3
364,R Dhawan,16,153,135,25,22,113,13,4,0,0,7
365,R Dravid,82,2174,1918,75,28,113,269,28,11,0,77
366,R McLaren,13,159,178,51,20,89,14,1,1,0,8
367,R Ninan,1,3,6,3,3,50,0,0,0,0,1
368,R Parag,5,169,133,55,34,127,17,5,2,0,5
369,R Rampaul,7,51,52,23,10,98,3,2,0,0,5
370,R Salam,1,5,4,5,0,125,0,0,0,0,0
371,R Sathish,24,270,236,27,0,114,22,6,0,0,0
372,R Sharma,19,66,77,14,5,86,5,3,0,0,14
373,R Shukla,4,19,23,14,19,83,2,0,0,0,1
374,R Singh,7,73,68,30,12,107,5,2,0,0,6
375,R Tewatia,12,119,93,28,20,128,11,3,0,0,6
376,R Vinay Kumar,42,311,289,26,11,108,21,9,0,0,28
377,RA Jadeja,125,1951,1632,48,24,120,137,65,0,0,80
378,RA Tripathi,33,771,571,93,27,135,73,27,4,0,29
379,Rashid Khan,17,109,67,35,9,163,5,9,0,0,12
380,RD Chahar,5,15,13,10,8,115,2,0,0,0,2
381,RE Levi,6,83,74,50,14,112,10,4,1,0,6
382,RE van der Merwe,15,159,144,35,14,110,11,8,0,0,11
383,RG More,1,2,2,2,0,100,0,0,0,0,0
384,RG Sharma,182,4914,3816,109,32,129,431,194,37,1,155
385,RJ Harris,21,117,112,17,10,104,6,3,0,0,12
386,RJ Peterson,5,32,32,16,11,100,3,1,0,0,3
387,RJ Quiney,7,103,105,51,15,98,12,3,1,0,7
388,RN ten Doeschate,21,326,238,70,23,137,26,15,1,0,14
389,RP Singh,28,52,78,10,4,67,2,1,0,0,12
390,RR Bhatkal,1,0,2,0,0,0,0,0,0,0,1
391,RR Pant,54,1792,1104,130,37,162,154,94,13,1,48
392,RR Powar,9,67,64,28,0,105,6,1,0,0,0
393,RR Raje,5,20,18,11,20,111,1,1,0,0,1
394,RR Rossouw,5,53,51,24,11,104,3,3,0,0,5
395,RR Sarwan,4,73,78,31,18,94,6,1,0,0,4
396,RS Bopara,22,531,468,84,30,113,39,16,3,0,18
397,RS Gavaskar,1,2,8,2,2,25,0,0,0,0,1
398,RS Sodhi,1,4,2,4,0,200,1,0,0,0,0
399,RT Ponting,9,91,129,28,10,71,5,2,0,0,9
400,RV Gomez,9,50,53,26,10,94,5,1,0,0,5
401,RV Uthappa,170,4446,3492,87,29,127,436,156,24,0,153
402,S Anirudha,12,136,121,64,17,112,9,7,1,0,8
403,S Aravind,10,59,59,14,15,100,7,0,0,0,4
404,S Badree,5,13,25,8,3,52,0,0,0,0,5
405,S Badrinath,65,1441,1245,71,31,116,154,28,11,0,47
406,S Chanderpaul,3,25,33,16,8,76,4,0,0,0,3
407,S Curran,8,95,55,55,24,173,13,3,1,0,4
408,S Dhawan,158,4632,3776,98,34,123,526,96,37,0,137
409,S Dube,4,40,33,24,13,121,1,3,0,0,3
410,S Gill,23,517,384,77,34,135,45,15,4,0,15
411,S Gopal,14,131,120,24,0,109,14,1,0,0,0
412,S Hetmyer,5,93,76,78,19,122,4,7,1,0,5
413,S Kaul,7,12,28,7,3,43,0,0,0,0,4
414,S Kaushik,1,0,1,0,0,0,0,0,0,0,1
415,S Ladda,2,0,10,0,0,0,0,0,0,0,1
416,S Lamichhane,1,0,1,0,0,0,0,0,0,0,1
417,S Mavi,3,13,15,7,4,87,1,0,0,0,3
418,S Nadeem,17,32,79,6,3,41,1,0,0,0,12
419,S Narwal,4,37,29,23,12,128,6,0,0,0,3
420,S Rana,8,91,82,19,23,111,9,1,0,0,4
421,S Randiv,1,2,4,2,2,50,0,0,0,0,1
422,S Rutherford,7,82,55,32,16,149,4,7,0,0,5
423,S Sharma,2,8,4,5,0,200,1,0,0,0,0
424,S Singh,1,17,18,17,17,94,1,1,0,0,1
425,S Sohal,20,368,311,62,18,118,34,18,2,0,20
426,S Sreesanth,12,34,57,15,9,60,6,0,0,0,4
427,S Sriram,2,31,38,27,16,82,3,0,0,0,2
428,S Tyagi,1,3,4,3,0,75,0,0,0,0,0
429,S Vidyut,8,145,115,54,18,126,21,3,1,0,8
430,SA Abbott,2,15,13,14,0,115,1,1,0,0,0
431,SA Asnodkar,19,423,352,60,21,120,56,10,2,0,20
432,SA Yadav,42,608,479,60,21,127,54,21,1,0,29
433,Sachin Baby,10,137,106,33,17,129,11,5,0,0,8
434,Salman Butt,7,193,172,73,28,112,30,2,1,0,7
435,Sandeep Sharma,14,26,40,7,9,65,1,0,0,0,3
436,SB Bangar,7,49,58,17,7,84,1,3,0,0,7
437,SB Jakati,5,28,30,13,28,93,3,0,0,0,1
438,SB Joshi,2,6,16,3,3,38,0,0,0,0,2
439,SB Styris,10,131,134,36,19,98,10,3,0,0,7
440,SB Wagh,2,2,3,2,1,67,0,0,0,0,2
441,SC Ganguly,56,1349,1326,91,25,102,137,42,7,0,53
442,SD Chitnis,8,99,92,38,14,108,10,2,0,0,7
443,SD Lad,1,15,13,15,15,115,1,1,0,0,1
444,SE Bond,1,1,2,1,1,50,0,0,0,0,1
445,SE Marsh,69,2489,1913,115,40,130,269,78,21,1,63
446,Shahid Afridi,9,81,46,33,10,176,7,6,0,0,8
447,Shakib Al Hasan,46,759,615,66,21,123,69,20,2,0,36
448,Shivam Sharma,2,5,3,4,5,167,1,0,0,0,1
449,Shoaib Ahmed,3,1,6,1,1,17,0,0,0,0,2
450,Shoaib Akhtar,1,2,8,2,2,25,0,0,0,0,1
451,Shoaib Malik,5,52,49,24,13,106,5,0,0,0,4
452,SJ Srivastava,4,5,5,3,5,100,0,0,0,0,1
453,SK Raina,189,5415,4044,100,33,134,495,195,39,1,162
454,SK Trivedi,14,42,61,9,6,69,3,1,0,0,7
455,SK Warne,27,198,219,34,10,90,14,6,0,0,20
456,SL Malinga,20,88,103,17,6,85,6,5,0,0,16
457,SM Harwood,2,9,14,6,0,64,0,0,0,0,0
458,SM Katich,11,241,191,75,24,126,26,8,2,0,10
459,SM Pollock,8,147,116,33,18,127,12,8,0,0,8
460,SMSM Senanayake,4,10,17,7,10,59,0,0,0,0,1
461,SN Khan,22,416,291,70,28,143,44,11,1,0,15
462,SN Thakur,7,36,21,15,7,171,5,1,0,0,5
463,Sohail Tanvir,5,36,31,13,12,116,3,1,0,0,3
464,SP Fleming,10,196,171,45,22,115,27,3,0,0,9
465,SP Goswami,19,301,302,52,17,100,33,3,1,0,18
466,SP Jackson,3,38,31,16,19,123,5,0,0,0,2
467,SP Narine,54,803,481,76,18,167,94,44,4,0,44
468,SPD Smith,72,2047,1616,101,38,127,181,49,9,1,54
469,SR Tendulkar,78,2334,2044,100,34,114,296,29,14,1,69
470,SR Watson,130,3614,2639,121,31,137,344,177,23,4,115
471,SS Iyer,61,1714,1370,97,31,125,150,67,13,0,55
472,SS Shaikh,1,6,7,6,0,86,1,0,0,0,0
473,SS Tiwary,64,1276,1111,61,0,115,93,45,7,0,0
474,ST Jayasuriya,30,768,573,114,27,134,84,39,5,1,28
475,STR Binny,66,882,700,48,19,126,66,35,0,0,46
476,Sunny Gupta,1,0,1,0,0,0,0,0,0,0,1
477,Sunny Singh,5,43,31,20,11,139,6,1,0,0,4
478,SV Samson,88,2235,1728,106,28,129,171,89,14,2,80
479,SW Billings,19,338,256,58,18,132,31,10,3,0,19
480,SW Tait,5,23,26,11,8,88,1,1,0,0,3
481,Swapnil Singh,3,12,20,10,4,60,0,0,0,0,3
482,T Curran,4,24,28,18,8,86,3,0,0,0,3
483,T Henderson,2,11,16,11,6,69,1,1,0,0,2
484,T Kohli,3,11,20,7,4,55,1,1,0,0,3
485,T Taibu,3,31,26,15,10,119,3,0,0,0,3
486,T Thushara,4,12,19,8,6,63,0,0,0,0,2
487,TA Boult,4,12,14,6,6,86,1,1,0,0,2
488,TD Paine,2,10,29,8,5,34,0,0,0,0,2
489,TG Southee,13,115,91,36,0,126,8,4,0,0,0
490,TL Suman,39,676,587,78,21,115,55,26,2,0,32
491,TM Dilshan,50,1153,1047,76,0,110,140,24,9,0,0
492,TM Head,10,205,151,75,29,136,12,8,1,0,7
493,TM Srivastava,3,8,11,7,8,73,0,0,0,0,1
494,TR Birt,5,75,59,27,15,127,9,2,0,0,5
495,TS Mills,3,8,11,6,3,73,1,1,0,0,3
496,U Kaul,1,0,1,0,0,0,0,0,0,0,0
497,UA Birla,1,7,15,7,7,47,1,0,0,0,1
498,UBT Chand,20,300,314,58,15,96,32,9,1,0,20
499,Umar Gul,4,39,19,24,13,205,1,5,0,0,3
500,UT Khawaja,6,127,105,30,21,121,14,3,0,0,6
501,UT Yadav,33,127,133,24,10,95,11,4,0,0,13
502,V Kohli,169,5434,4211,113,38,129,482,191,43,5,143
503,V Pratap Singh,1,0,1,0,0,0,0,0,0,0,1
504,V Sehwag,104,2728,1833,122,28,149,334,106,18,2,99
505,V Shankar,27,574,429,63,32,134,34,24,2,0,18
506,VH Zol,2,29,26,16,15,112,3,1,0,0,2
507,Vishnu Vinod,3,19,26,9,6,73,1,1,0,0,3
508,VR Aaron,10,49,63,17,12,78,2,2,0,0,4
509,VRV Singh,2,4,3,4,0,133,1,0,0,0,0
510,VS Malik,2,7,7,6,7,100,1,0,0,0,1
511,VS Yeligati,1,2,2,2,2,100,0,0,0,0,1
512,VVS Laxman,20,282,271,52,15,104,33,5,1,0,19
513,VY Mahesh,5,15,28,6,8,54,0,0,0,0,2
514,W Jaffer,8,130,129,50,16,101,14,3,1,0,8
515,WA Mota,8,56,76,25,9,74,2,0,0,0,6
516,Washington Sundar,12,79,56,37,0,141,5,4,0,0,0
517,WD Parnell,12,63,80,16,7,79,4,1,0,0,9
518,WP Saha,93,1780,1382,115,24,129,161,59,7,1,74
519,WPUJC Vaas,11,81,73,20,10,111,2,3,0,0,8
520,X Thalaivan Sargunam,1,10,17,10,10,59,0,0,0,0,1
521,Y Gnaneswara Rao,1,19,18,19,19,106,3,0,0,0,1
522,Y Nagar,20,285,271,44,20,105,20,9,0,0,14
523,Y Venugopal Rao,52,985,865,71,22,114,77,37,3,0,44
524,YA Abdulla,1,0,1,0,0,0,0,0,0,0,0
525,Yashpal Singh,4,47,67,20,12,70,5,0,0,0,4
526,YK Pathan,153,3241,2334,100,29,139,264,161,15,1,110
527,Younis Khan,1,3,7,3,3,43,0,0,0,0,1
528,YS Chahal,12,22,49,4,0,45,0,0,0,0,0
529,Yuvraj Singh,126,2765,2207,83,25,125,218,149,13,0,111
530,YV Takawale,10,192,183,45,24,105,26,3,0,0,8
531,Z Khan,27,117,141,23,8,83,11,2,0,0,14
